K,ParameterRatePct,ParametersPerGroup,BytesPerGroup,SerializedBytes,SerializedKiB,PSNR_KPD,SSIM_KPD,ResidualRatio,DeltaPSNR_dB,DeltaSSIM,PSNRGainPer25Terms_dB,SSIMGainPer25Terms,EncTotalMean_ms,EncTotalStd_ms,DecTotalMean_ms,DecTotalStd_ms,EncPerGroupMean_ms,DecPerGroupMean_ms,EncThroughput_MBps,DecThroughput_MBps,AllParametersBitExact
25,4.8828125,128,1024,25600,25,27.6732834408505,0.592389075973015,0.0805973523193234,NaN,NaN,NaN,NaN,61.31158,6.11983201869136,65.38138,5.71077814198731,2.4524632,2.6152552,0.417539394678787,0.391548786519954,1
50,9.765625,128,1024,51200,50,29.083435905165,0.650530795960308,0.0685074634267323,1.41015246431452,0.0581417199872933,1.41015246431452,0.0581417199872933,119.55982,7.10377154946582,127.36264,3.49891405410307,2.3911964,2.5472528,0.428237513238143,0.402001717301086,1
75,14.6484375,128,1024,76800,75,30.0142342756364,0.696281724950519,0.0615413406648013,0.930798370471436,0.0457509289902108,0.930798370471436,0.0457509289902108,179.10952,10.4245890135775,190.54486,7.49166998158622,2.38812693333333,2.54059813333333,0.428787928190528,0.403054692737448,1
100,19.53125,128,1024,102400,100,30.7736031955348,0.733917602217213,0.0563812449811195,0.759368919898339,0.0376358772666936,0.759368919898339,0.0376358772666936,228.7145,4.26704896327661,258.79876,43.1291114717542,2.287145,2.5879876,0.447719755415595,0.395674229660142,1
125,24.4140625,128,1024,128000,125,31.4429099361919,0.765813003855123,0.0521968716677936,0.669306740657081,0.0318954016379103,0.669306740657081,0.0318954016379103,276.77558,19.1609542532986,280.97096,7.27298043638232,2.21420464,2.24776768,0.462468545816072,0.455563094492043,1
150,29.296875,128,1024,153600,150,32.0640276039818,0.793725365064641,0.0485634611329581,0.621117667789932,0.027912361209518,0.621117667789932,0.027912361209518,349.23142,35.9688384356793,385.74174,51.8342876297437,2.32820946666667,2.5716116,0.439822968964247,0.398193879666743,1
200,39.0625,128,1024,204800,200,33.2064495614736,0.838533066109028,0.0425816445610855,1.14242195749178,0.0448077010443867,0.571210978745889,0.0224038505221933,481.87864,61.9748819146354,489.53204,36.0872027507398,2.4093932,2.4476602,0.425003274683435,0.41835872479358,1
250,48.828125,128,1024,256000,250,34.2721639999632,0.872305849580234,0.0376542188296826,1.06571443848969,0.033772783471206,0.532857219244843,0.016886391735603,611.40878,26.1810095514287,663.14146,68.1950985790255,2.44563512,2.65256584,0.418705141918309,0.386041313115907,1
300,58.59375,128,1024,307200,300,35.3089165068988,0.898819623453921,0.0334147893065345,1.03675250693554,0.0265137738736871,0.518376253467768,0.0132568869368436,695.02456,21.4219444215039,716.28244,17.6488630732407,2.31674853333333,2.38760813333333,0.44199876907947,0.428881098913998,1
