Image,QAuthorized,KeyReleasePct,ParameterRatePct,PSNR_dB,SSIM,AllParametersBitExact
Clock,25,8.33333333333333,4.8828125,24.9091389447268,0.758013406956256,1
Clock,50,16.6666666666667,9.765625,27.5106716267015,0.807424972643765,1
Clock,100,33.3333333333333,19.53125,30.7880914246719,0.860210733766819,1
Clock,200,66.6666666666667,39.0625,34.9440123326786,0.91178217515594,1
Clock,300,100,58.59375,37.9182542980314,0.940337993366872,1
Aerial,25,8.33333333333333,4.8828125,22.0149200794927,0.508621218611529,1
Aerial,50,16.6666666666667,9.765625,23.8712252983142,0.605988432924091,1
Aerial,100,33.3333333333333,19.53125,26.3660743290084,0.732232947814094,1
Aerial,200,66.6666666666667,39.0625,29.6685174558903,0.848727858829886,1
Aerial,300,100,58.59375,32.2718059065916,0.906334305419362,1
Portrait,25,8.33333333333333,4.8828125,27.8281211399804,0.907122580549824,1
Portrait,50,16.6666666666667,9.765625,30.8613556192906,0.942645331907446,1
Portrait,100,33.3333333333333,19.53125,34.1951702800229,0.967449126584374,1
Portrait,200,66.6666666666667,39.0625,37.7613040329801,0.982332389863318,1
Portrait,300,100,58.59375,40.247512492321,0.988710990246751,1
