dataset,filename,relative_path,width,height,channels,type,matlab_expected_class,sha256
USC-SIPI,4.1.01.tiff,data/USC_SIPI/color_256/4.1.01.tiff,256,256,3,color,uint8,c3ea2466396790c8aa0e4a60bc5031c44a3288da666cfd6a4f732ae0fec5efad
USC-SIPI,4.1.02.tiff,data/USC_SIPI/color_256/4.1.02.tiff,256,256,3,color,uint8,31d1e7aafff59f5754ee38b77287ee6cfa05a095e63bb245fc44af87fa9d0329
USC-SIPI,4.1.03.tiff,data/USC_SIPI/color_256/4.1.03.tiff,256,256,3,color,uint8,3d9cf65ca9a43a674cd7fd80192902458921aa81885a16bdcf9dd738e406af62
USC-SIPI,4.1.04.tiff,data/USC_SIPI/color_256/4.1.04.tiff,256,256,3,color,uint8,abb652cfa55da20b95941834f8887d0dccfa71e33c94dc16ec0c473111dac15e
USC-SIPI,4.1.06.tiff,data/USC_SIPI/color_256/4.1.06.tiff,256,256,3,color,uint8,f09642b452f6c82bccd1282f45b46e4603630c2863708f27079a676e65c928ef
USC-SIPI,4.1.07.tiff,data/USC_SIPI/color_256/4.1.07.tiff,256,256,3,color,uint8,ee21b55963d29ed18effeef9a4dc3edc85208d9b79690bf2339c14649dcf41f6
USC-SIPI,4.1.08.tiff,data/USC_SIPI/color_256/4.1.08.tiff,256,256,3,color,uint8,8fd360f5cf6d230eff7934599edf0024995b6da69146e9c85bbaaf327d4a2abc
USC-SIPI,4.2.01.tiff,data/USC_SIPI/color_512/4.2.01.tiff,512,512,3,color,uint8,f27f806d2f5e3d6b66e4223bad6a9fcd38756c715491eafb38c43a9befe89cfd
USC-SIPI,4.2.03.tiff,data/USC_SIPI/color_512/4.2.03.tiff,512,512,3,color,uint8,3f590b52279fb59b81906f1e928ae713a5357b1afc1a2017a103adb563fb4494
USC-SIPI,4.2.05.tiff,data/USC_SIPI/color_512/4.2.05.tiff,512,512,3,color,uint8,ae9eba12b80df955e47585bf4a16332ea0dadc753668d3457c509564934dbd40
USC-SIPI,4.2.06.tiff,data/USC_SIPI/color_512/4.2.06.tiff,512,512,3,color,uint8,aa00ff3defadcd99e2e5fb5fbd06d12d6570284822a37186e3f8827f9bb4ca73
USC-SIPI,4.2.07.tiff,data/USC_SIPI/color_512/4.2.07.tiff,512,512,3,color,uint8,676c21edcc56b517ebd54764d6026d2befe7e15014ec3f0c9e6f2ce1d9ad74bf
USC-SIPI,5.1.09.tiff,data/USC_SIPI/gray_256/5.1.09.tiff,256,256,1,gray,uint8,64210a233aeaf4c8d76232daa2b8e9dabd251c89e00771b5b316b60e4844d2e4
USC-SIPI,5.1.10.tiff,data/USC_SIPI/gray_256/5.1.10.tiff,256,256,1,gray,uint8,046ade1c2ee9a92117a0373b54db79d27e2fdc724649c7c15ae3fdb95fca0522
USC-SIPI,5.1.11.tiff,data/USC_SIPI/gray_256/5.1.11.tiff,256,256,1,gray,uint8,475b9329d3def5f97c2e73c82d2d532accbcdd50de2999e72e47cfcdeb6a7c13
USC-SIPI,5.1.12.tiff,data/USC_SIPI/gray_256/5.1.12.tiff,256,256,1,gray,uint8,ec07e39dd5a342e91d56852a971d45bd3ec31ccca778ade7ebcfe47a2fc215ac
USC-SIPI,5.1.13.tiff,data/USC_SIPI/gray_256/5.1.13.tiff,256,256,1,gray,uint8,92ef9dd86f3c0edbbcdad50d63229d6633df560308b60b96cb045e570be02e18
USC-SIPI,5.1.14.tiff,data/USC_SIPI/gray_256/5.1.14.tiff,256,256,1,gray,uint8,d42dc6b19d2f041a0ada000ac8d028e9caa9a3a4a1f4396110191ecf137a7050
USC-SIPI,5.2.08.tiff,data/USC_SIPI/gray_512/5.2.08.tiff,512,512,1,gray,uint8,000a3e36a04b954cefd86d8ab2ac61676034e6cc9e3c0bbab8aaa95bcff03b93
USC-SIPI,5.2.09.tiff,data/USC_SIPI/gray_512/5.2.09.tiff,512,512,1,gray,uint8,b12edcb11e8a816ce431b0bbbb02f91bc8614f5f67d3fa1ffd1067d8dd2ff5f8
